dataset,seed,num_models_old,num_models_new,all_models_sets_equal,best_models_equal,best_model_old,best_model_new,best_model_score_old,best_model_score_new,time_elapsed_sec_old,time_elapsed_sec_new
cancer,7816,143,143,True,True,"[[0, 0, 0, 0, 0], [1, 0, 0, 0, 0], [1, 0, 0, 0, 0], [1, 0, 0, 0, 0], [1, 0, 0, 0, 0]]","[[0, 0, 0, 0, 0], [1, 0, 0, 0, 0], [1, 0, 0, 0, 0], [1, 0, 0, 0, 0], [1, 0, 0, 0, 0]]",17.537314726386615,17.537314726386615,2.729562997817993,0.925814151763916
cancer,3578,19,19,True,True,"[[0, 0, 0, 0, 0], [1, 0, 0, 0, 0], [1, 0, 0, 0, 0], [1, 0, 0, 0, 0], [1, 0, 0, 0, 0]]","[[0, 0, 0, 0, 0], [1, 0, 0, 0, 0], [1, 0, 0, 0, 0], [1, 0, 0, 0, 0], [1, 0, 0, 0, 0]]",17.09575088191693,17.09575088191693,2.016326665878296,0.5244908332824707
cancer,2656,1,1,True,True,"[[0, 0, 0, 0, 0], [1, 0, 0, 0, 0], [0, 0, 0, 0, 0], [1, 0, 0, 0, 0], [1, 0, 0, 0, 0]]","[[0, 0, 0, 0, 0], [1, 0, 0, 0, 0], [0, 0, 0, 0, 0], [1, 0, 0, 0, 0], [1, 0, 0, 0, 0]]",12.126952490960516,12.126952490960516,0.6664440631866455,0.13444995880126953
cancer,2688,9,9,True,True,"[[0, 0, 0, 0, 0], [1, 0, 0, 0, 0], [1, 0, 0, 0, 0], [1, 0, 0, 0, 0], [1, 0, 0, 0, 0]]","[[0, 0, 0, 0, 0], [1, 0, 0, 0, 0], [1, 0, 0, 0, 0], [1, 0, 0, 0, 0], [1, 0, 0, 0, 0]]",17.130010103081375,17.130010103081375,3.2901341915130615,0.5507097244262695
cancer,2494,35,35,True,True,"[[0, 0, 0, 0, 0], [1, 0, 0, 0, 0], [1, 0, 0, 0, 0], [1, 0, 0, 0, 0], [1, 0, 0, 0, 0]]","[[0, 0, 0, 0, 0], [1, 0, 0, 0, 0], [1, 0, 0, 0, 0], [1, 0, 0, 0, 0], [1, 0, 0, 0, 0]]",17.174563156692795,17.174563156692795,2.470846176147461,0.5953936576843262
cancer,183,1,1,True,True,"[[0, 0, 0, 0, 0], [1, 0, 0, 0, 0], [0, 0, 0, 0, 0], [1, 0, 0, 0, 0], [1, 0, 0, 0, 0]]","[[0, 0, 0, 0, 0], [1, 0, 0, 0, 0], [0, 0, 0, 0, 0], [1, 0, 0, 0, 0], [1, 0, 0, 0, 0]]",11.63180113587235,11.63180113587235,0.8307909965515137,0.13605642318725586
cancer,7977,82,82,True,True,"[[0, 0, 0, 0, 1], [1, 0, 0, 0, 0], [1, 0, 0, 0, 0], [1, 0, 0, 0, 0], [0, 0, 0, 0, 0]]","[[0, 0, 0, 0, 1], [1, 0, 0, 0, 0], [1, 0, 0, 0, 0], [1, 0, 0, 0, 0], [0, 0, 0, 0, 0]]",17.580598203273315,17.580598203273315,2.451808452606201,0.7859339714050293
cancer,3199,6,6,True,True,"[[0, 0, 0, 0, 0], [1, 0, 0, 0, 0], [0, 0, 0, 0, 0], [1, 0, 0, 0, 0], [1, 0, 0, 0, 0]]","[[0, 0, 0, 0, 0], [1, 0, 0, 0, 0], [0, 0, 0, 0, 0], [1, 0, 0, 0, 0], [1, 0, 0, 0, 0]]",11.445214454131516,11.445214454131516,1.365368366241455,0.1788640022277832
cancer,316,15,15,True,True,"[[0, 0, 0, 0, 0], [1, 0, 0, 0, 0], [1, 0, 0, 0, 0], [1, 0, 0, 0, 0], [1, 0, 0, 0, 0]]","[[0, 0, 0, 0, 0], [1, 0, 0, 0, 0], [1, 0, 0, 0, 0], [1, 0, 0, 0, 0], [1, 0, 0, 0, 0]]",17.065331043873826,17.065331043873826,2.0700135231018066,0.5278003215789795
cancer,8266,9,9,True,True,"[[0, 0, 0, 0, 0], [1, 0, 0, 0, 0], [1, 0, 0, 0, 0], [1, 0, 0, 0, 0], [1, 0, 0, 0, 0]]","[[0, 0, 0, 0, 0], [1, 0, 0, 0, 0], [1, 0, 0, 0, 0], [1, 0, 0, 0, 0], [1, 0, 0, 0, 0]]",17.038972936392092,17.038972936392092,2.1829540729522705,0.5048258304595947
cancer,1532,94,94,True,True,"[[0, 0, 0, 0, 0], [1, 0, 0, 0, 0], [0, 0, 0, 0, 0], [1, 0, 0, 0, 0], [1, 0, 0, 0, 0]]","[[0, 0, 0, 0, 0], [1, 0, 0, 0, 0], [0, 0, 0, 0, 0], [1, 0, 0, 0, 0], [1, 0, 0, 0, 0]]",10.889620598585452,10.889620598585452,1.4655733108520508,0.44068455696105957
cancer,1009,9,9,True,True,"[[0, 0, 0, 0, 0], [1, 0, 0, 0, 0], [1, 0, 0, 0, 0], [1, 0, 0, 0, 0], [1, 0, 0, 0, 0]]","[[0, 0, 0, 0, 0], [1, 0, 0, 0, 0], [1, 0, 0, 0, 0], [1, 0, 0, 0, 0], [1, 0, 0, 0, 0]]",17.17594829371425,17.17594829371425,1.318901777267456,0.4944493770599365
cancer,2250,19,19,True,True,"[[0, 0, 0, 0, 0], [1, 0, 0, 0, 0], [1, 0, 0, 0, 0], [1, 0, 0, 0, 0], [1, 0, 0, 0, 0]]","[[0, 0, 0, 0, 0], [1, 0, 0, 0, 0], [1, 0, 0, 0, 0], [1, 0, 0, 0, 0], [1, 0, 0, 0, 0]]",16.544134845672133,16.544134845672133,2.1911263465881348,0.5580382347106934
cancer,4447,16,16,True,True,"[[0, 0, 0, 0, 0], [1, 0, 0, 0, 0], [0, 0, 0, 0, 0], [1, 0, 0, 0, 0], [1, 0, 0, 0, 0]]","[[0, 0, 0, 0, 0], [1, 0, 0, 0, 0], [0, 0, 0, 0, 0], [1, 0, 0, 0, 0], [1, 0, 0, 0, 0]]",10.704062193373117,10.704062193373117,1.761127233505249,0.2347548007965088
cancer,2415,19,19,True,True,"[[0, 0, 0, 0, 0], [1, 0, 0, 0, 0], [1, 0, 0, 0, 0], [1, 0, 0, 0, 0], [1, 0, 0, 0, 0]]","[[0, 0, 0, 0, 0], [1, 0, 0, 0, 0], [1, 0, 0, 0, 0], [1, 0, 0, 0, 0], [1, 0, 0, 0, 0]]",17.278022657013295,17.278022657013295,2.1052963733673096,0.5441226959228516
cancer,3595,25,25,True,True,"[[0, 0, 0, 0, 0], [1, 0, 0, 0, 0], [1, 0, 0, 0, 0], [1, 0, 0, 0, 0], [1, 0, 0, 0, 0]]","[[0, 0, 0, 0, 0], [1, 0, 0, 0, 0], [1, 0, 0, 0, 0], [1, 0, 0, 0, 0], [1, 0, 0, 0, 0]]",18.06027841668138,18.06027841668138,2.0057876110076904,0.6243429183959961
cancer,4187,9,9,True,True,"[[0, 0, 0, 0, 0], [1, 0, 0, 0, 0], [1, 0, 0, 0, 0], [1, 0, 0, 0, 0], [1, 0, 0, 0, 0]]","[[0, 0, 0, 0, 0], [1, 0, 0, 0, 0], [1, 0, 0, 0, 0], [1, 0, 0, 0, 0], [1, 0, 0, 0, 0]]",17.301822182330106,17.301822182330106,2.0627474784851074,0.5150141716003418
cancer,4135,3,3,True,True,"[[0, 0, 0, 0, 0], [1, 0, 0, 0, 0], [1, 0, 0, 0, 0], [1, 0, 0, 0, 0], [1, 0, 0, 0, 0]]","[[0, 0, 0, 0, 0], [1, 0, 0, 0, 0], [1, 0, 0, 0, 0], [1, 0, 0, 0, 0], [1, 0, 0, 0, 0]]",17.10302063737987,17.10302063737987,1.4023895263671875,0.46332502365112305
cancer,5174,10,10,True,True,"[[0, 0, 0, 0, 0], [1, 0, 0, 0, 0], [1, 0, 0, 0, 0], [1, 0, 0, 0, 0], [1, 0, 0, 1, 0]]","[[0, 0, 0, 0, 0], [1, 0, 0, 0, 0], [1, 0, 0, 0, 0], [1, 0, 0, 0, 0], [1, 0, 0, 1, 0]]",18.054979840641796,18.054979840641796,1.3413519859313965,0.5151710510253906
cancer,5303,10,10,True,False,"[[0, 0, 0, 0, 0], [1, 0, 0, 0, 0], [1, 0, 0, 0, 0], [1, 0, 0, 0, 0], [1, 1, 0, 0, 0]]","[[0, 0, 0, 0, 0], [1, 0, 0, 0, 1], [1, 0, 0, 0, 0], [1, 0, 0, 0, 0], [1, 0, 0, 0, 0]]",17.34946366917261,17.34946366917261,1.816746711730957,0.5263500213623047
cancer,3942,4,4,True,True,"[[0, 0, 0, 0, 0], [1, 0, 0, 0, 0], [1, 0, 0, 0, 1], [1, 0, 0, 0, 1], [1, 0, 0, 0, 0]]","[[0, 0, 0, 0, 0], [1, 0, 0, 0, 0], [1, 0, 0, 0, 1], [1, 0, 0, 0, 1], [1, 0, 0, 0, 0]]",19.144782577392252,19.144782577392252,2.819347858428955,0.6335065364837646
cancer,2778,15,15,True,True,"[[0, 0, 0, 0, 0], [1, 0, 0, 0, 0], [1, 0, 0, 0, 0], [1, 0, 0, 0, 0], [1, 0, 0, 0, 0]]","[[0, 0, 0, 0, 0], [1, 0, 0, 0, 0], [1, 0, 0, 0, 0], [1, 0, 0, 0, 0], [1, 0, 0, 0, 0]]",16.870440209919497,16.870440209919497,3.1375365257263184,0.5849874019622803
cancer,2804,3,3,True,True,"[[0, 0, 0, 0, 0], [1, 0, 0, 0, 0], [0, 0, 0, 0, 0], [1, 0, 0, 0, 0], [1, 0, 0, 0, 0]]","[[0, 0, 0, 0, 0], [1, 0, 0, 0, 0], [0, 0, 0, 0, 0], [1, 0, 0, 0, 0], [1, 0, 0, 0, 0]]",11.685446441423514,11.685446441423514,1.0348079204559326,0.1622600555419922
cancer,2145,6,6,True,False,"[[0, 0, 0, 0, 0], [1, 0, 0, 0, 0], [1, 0, 0, 0, 0], [1, 0, 0, 0, 0], [1, 0, 0, 1, 0]]","[[0, 0, 0, 0, 0], [1, 0, 0, 0, 0], [1, 0, 0, 0, 0], [1, 0, 0, 0, 1], [1, 0, 0, 0, 0]]",17.169093133444765,17.169093133444765,9.610690832138062,0.5313644409179688
cancer,150,9,9,True,True,"[[0, 0, 0, 0, 0], [1, 0, 0, 0, 0], [1, 0, 0, 0, 0], [1, 0, 0, 0, 0], [1, 0, 0, 0, 0]]","[[0, 0, 0, 0, 0], [1, 0, 0, 0, 0], [1, 0, 0, 0, 0], [1, 0, 0, 0, 0], [1, 0, 0, 0, 0]]",17.383196439541923,17.383196439541923,2.424187660217285,0.5094611644744873
cancer,8823,19,19,True,True,"[[0, 0, 0, 0, 0], [1, 0, 0, 0, 0], [1, 0, 0, 0, 0], [1, 0, 0, 0, 0], [1, 0, 0, 0, 0]]","[[0, 0, 0, 0, 0], [1, 0, 0, 0, 0], [1, 0, 0, 0, 0], [1, 0, 0, 0, 0], [1, 0, 0, 0, 0]]",16.828579418986358,16.828579418986358,2.566429376602173,0.5538372993469238
cancer,4669,9,9,True,True,"[[0, 0, 0, 0, 0], [1, 0, 0, 0, 0], [1, 0, 0, 0, 0], [1, 0, 0, 0, 0], [1, 0, 0, 0, 0]]","[[0, 0, 0, 0, 0], [1, 0, 0, 0, 0], [1, 0, 0, 0, 0], [1, 0, 0, 0, 0], [1, 0, 0, 0, 0]]",16.896091473103354,16.896091473103354,2.1657497882843018,0.5152328014373779
cancer,6131,3,3,True,True,"[[0, 0, 0, 0, 1], [1, 0, 0, 0, 0], [0, 0, 0, 0, 0], [1, 0, 0, 0, 0], [0, 0, 0, 0, 0]]","[[0, 0, 0, 0, 1], [1, 0, 0, 0, 0], [0, 0, 0, 0, 0], [1, 0, 0, 0, 0], [0, 0, 0, 0, 0]]",12.239745593874368,12.239745593874368,1.1709935665130615,0.19725680351257324
cancer,2617,3,3,True,True,"[[0, 0, 0, 0, 0], [1, 0, 0, 0, 0], [1, 0, 0, 0, 0], [1, 0, 0, 0, 0], [1, 0, 0, 0, 0]]","[[0, 0, 0, 0, 0], [1, 0, 0, 0, 0], [1, 0, 0, 0, 0], [1, 0, 0, 0, 0], [1, 0, 0, 0, 0]]",17.951742691584446,17.951742691584446,1.6358087062835693,0.45629286766052246
cancer,7166,52,52,True,True,"[[0, 0, 0, 0, 0], [1, 0, 0, 0, 0], [1, 0, 0, 0, 0], [1, 0, 0, 0, 0], [1, 0, 0, 1, 0]]","[[0, 0, 0, 0, 0], [1, 0, 0, 0, 0], [1, 0, 0, 0, 0], [1, 0, 0, 0, 0], [1, 0, 0, 1, 0]]",20.654248327368897,20.654248327368897,3.019155740737915,0.8459596633911133
cancer,1428,66,66,True,True,"[[0, 0, 0, 0, 0], [1, 0, 0, 0, 0], [1, 0, 0, 0, 0], [1, 0, 0, 0, 0], [1, 0, 0, 0, 0]]","[[0, 0, 0, 0, 0], [1, 0, 0, 0, 0], [1, 0, 0, 0, 0], [1, 0, 0, 0, 0], [1, 0, 0, 0, 0]]",16.455462613998964,16.455462613998964,4.8328211307525635,0.7411587238311768
cancer,8328,19,19,True,True,"[[0, 0, 0, 0, 0], [1, 0, 0, 0, 0], [1, 0, 0, 0, 0], [1, 0, 0, 0, 0], [1, 0, 0, 0, 0]]","[[0, 0, 0, 0, 0], [1, 0, 0, 0, 0], [1, 0, 0, 0, 0], [1, 0, 0, 0, 0], [1, 0, 0, 0, 0]]",16.808004198366394,16.808004198366394,2.22251296043396,0.5731897354125977
cancer,8289,124,124,True,True,"[[0, 0, 0, 0, 1], [1, 0, 0, 0, 0], [1, 0, 0, 0, 0], [1, 0, 0, 0, 0], [0, 0, 0, 0, 0]]","[[0, 0, 0, 0, 1], [1, 0, 0, 0, 0], [1, 0, 0, 0, 0], [1, 0, 0, 0, 0], [0, 0, 0, 0, 0]]",17.50108968593894,17.50108968593894,2.9832630157470703,0.900489330291748
cancer,5978,1,1,True,True,"[[0, 0, 0, 0, 0], [1, 0, 0, 0, 0], [0, 0, 0, 0, 0], [1, 0, 0, 0, 0], [1, 0, 0, 0, 0]]","[[0, 0, 0, 0, 0], [1, 0, 0, 0, 0], [0, 0, 0, 0, 0], [1, 0, 0, 0, 0], [1, 0, 0, 0, 0]]",12.179621807411236,12.179621807411236,0.8225185871124268,0.140822172164917
cancer,5511,1,1,True,True,"[[0, 0, 0, 0, 0], [1, 0, 0, 0, 0], [1, 0, 0, 0, 0], [1, 0, 0, 0, 0], [1, 0, 0, 0, 0]]","[[0, 0, 0, 0, 0], [1, 0, 0, 0, 0], [1, 0, 0, 0, 0], [1, 0, 0, 0, 0], [1, 0, 0, 0, 0]]",17.554190006962468,17.554190006962468,1.4210257530212402,0.44037890434265137
cancer,5864,9,9,True,True,"[[0, 0, 0, 0, 0], [1, 0, 0, 0, 0], [1, 0, 0, 0, 0], [1, 0, 0, 0, 0], [1, 0, 0, 0, 0]]","[[0, 0, 0, 0, 0], [1, 0, 0, 0, 0], [1, 0, 0, 0, 0], [1, 0, 0, 0, 0], [1, 0, 0, 0, 0]]",17.43699182855496,17.43699182855496,1.877054214477539,0.5105152130126953
cancer,606,19,19,True,True,"[[0, 0, 0, 0, 0], [1, 0, 0, 0, 0], [1, 0, 0, 0, 0], [1, 0, 0, 0, 0], [1, 0, 0, 0, 0]]","[[0, 0, 0, 0, 0], [1, 0, 0, 0, 0], [1, 0, 0, 0, 0], [1, 0, 0, 0, 0], [1, 0, 0, 0, 0]]",17.394151368894324,17.394151368894324,2.358684539794922,0.552661657333374
cancer,1933,5,5,True,True,"[[0, 0, 0, 0, 0], [1, 0, 0, 0, 0], [1, 0, 0, 0, 0], [1, 0, 0, 0, 0], [1, 0, 0, 0, 0]]","[[0, 0, 0, 0, 0], [1, 0, 0, 0, 0], [1, 0, 0, 0, 0], [1, 0, 0, 0, 0], [1, 0, 0, 0, 0]]",16.753145533229773,16.753145533229773,1.7425479888916016,0.5197842121124268
cancer,6071,14,14,True,True,"[[0, 0, 0, 0, 0], [1, 0, 0, 0, 0], [1, 0, 0, 0, 0], [1, 0, 0, 0, 0], [1, 0, 0, 0, 0]]","[[0, 0, 0, 0, 0], [1, 0, 0, 0, 0], [1, 0, 0, 0, 0], [1, 0, 0, 0, 0], [1, 0, 0, 0, 0]]",13.718868863557178,13.718868863557178,1.4476041793823242,0.29279565811157227
cancer,5504,2,2,True,True,"[[0, 0, 0, 0, 0], [1, 0, 0, 0, 0], [0, 0, 0, 0, 0], [1, 0, 0, 0, 0], [1, 0, 0, 0, 0]]","[[0, 0, 0, 0, 0], [1, 0, 0, 0, 0], [0, 0, 0, 0, 0], [1, 0, 0, 0, 0], [1, 0, 0, 0, 0]]",11.610669954419071,11.610669954419071,1.0526008605957031,0.16052865982055664
cancer,5163,1,1,True,True,"[[0, 0, 0, 0, 0], [1, 0, 0, 0, 0], [0, 0, 0, 0, 0], [1, 0, 0, 0, 0], [1, 0, 0, 0, 0]]","[[0, 0, 0, 0, 0], [1, 0, 0, 0, 0], [0, 0, 0, 0, 0], [1, 0, 0, 0, 0], [1, 0, 0, 0, 0]]",11.813135488120581,11.813135488120581,1.6206090450286865,0.141038179397583
cancer,2406,1,1,True,True,"[[0, 0, 0, 1, 0], [1, 0, 0, 0, 0], [0, 0, 0, 0, 0], [0, 0, 0, 0, 0], [1, 0, 0, 0, 0]]","[[0, 0, 0, 1, 0], [1, 0, 0, 0, 0], [0, 0, 0, 0, 0], [0, 0, 0, 0, 0], [1, 0, 0, 0, 0]]",12.015826829362553,12.015826829362553,1.256978988647461,0.17202210426330566
cancer,304,149,149,True,True,"[[0, 0, 0, 0, 0], [1, 0, 0, 0, 0], [1, 0, 0, 0, 0], [1, 0, 0, 0, 0], [1, 0, 0, 0, 0]]","[[0, 0, 0, 0, 0], [1, 0, 0, 0, 0], [1, 0, 0, 0, 0], [1, 0, 0, 0, 0], [1, 0, 0, 0, 0]]",16.5581697715237,16.5581697715237,2.704496383666992,1.0491886138916016
cancer,3391,143,143,True,True,"[[0, 0, 0, 0, 0], [1, 0, 0, 0, 0], [1, 0, 0, 0, 0], [1, 0, 0, 0, 0], [1, 0, 0, 0, 0]]","[[0, 0, 0, 0, 0], [1, 0, 0, 0, 0], [1, 0, 0, 0, 0], [1, 0, 0, 0, 0], [1, 0, 0, 0, 0]]",16.74323615194124,16.74323615194124,2.7635228633880615,0.944037675857544
cancer,359,1,1,True,True,"[[0, 0, 0, 1, 0], [1, 0, 0, 0, 0], [0, 0, 0, 0, 0], [0, 0, 0, 0, 0], [1, 0, 0, 0, 0]]","[[0, 0, 0, 1, 0], [1, 0, 0, 0, 0], [0, 0, 0, 0, 0], [0, 0, 0, 0, 0], [1, 0, 0, 0, 0]]",10.725558285604905,10.725558285604905,1.4297611713409424,0.206007719039917
cancer,9096,19,19,True,True,"[[0, 0, 0, 0, 0], [1, 0, 0, 0, 0], [1, 0, 0, 0, 0], [1, 0, 0, 0, 0], [1, 0, 0, 0, 0]]","[[0, 0, 0, 0, 0], [1, 0, 0, 0, 0], [1, 0, 0, 0, 0], [1, 0, 0, 0, 0], [1, 0, 0, 0, 0]]",17.066448151646153,17.066448151646153,1.7305996417999268,0.5670828819274902
cancer,3533,9,9,True,True,"[[0, 0, 0, 0, 0], [1, 0, 0, 0, 0], [1, 0, 0, 0, 0], [1, 0, 0, 0, 0], [1, 0, 0, 0, 0]]","[[0, 0, 0, 0, 0], [1, 0, 0, 0, 0], [1, 0, 0, 0, 0], [1, 0, 0, 0, 0], [1, 0, 0, 0, 0]]",17.208361180552707,17.208361180552707,2.0655438899993896,0.5188498497009277
cancer,4125,3,3,True,True,"[[0, 0, 0, 0, 1], [1, 0, 0, 0, 0], [1, 0, 0, 0, 0], [1, 0, 0, 0, 0], [0, 0, 0, 0, 0]]","[[0, 0, 0, 0, 1], [1, 0, 0, 0, 0], [1, 0, 0, 0, 0], [1, 0, 0, 0, 0], [0, 0, 0, 0, 0]]",16.755461292731425,16.755461292731425,1.7720298767089844,0.5226552486419678
cancer,3094,1,1,True,True,"[[0, 0, 0, 0, 0], [1, 0, 0, 0, 0], [1, 0, 0, 0, 0], [1, 0, 0, 0, 0], [1, 0, 0, 0, 0]]","[[0, 0, 0, 0, 0], [1, 0, 0, 0, 0], [1, 0, 0, 0, 0], [1, 0, 0, 0, 0], [1, 0, 0, 0, 0]]",17.553011082687938,17.553011082687938,1.4555931091308594,0.45229363441467285
cancer,6398,16,16,True,True,"[[0, 0, 0, 0, 0], [1, 0, 0, 0, 0], [0, 0, 0, 0, 0], [1, 0, 0, 0, 0], [1, 0, 0, 0, 0]]","[[0, 0, 0, 0, 0], [1, 0, 0, 0, 0], [0, 0, 0, 0, 0], [1, 0, 0, 0, 0], [1, 0, 0, 0, 0]]",11.414751630617541,11.414751630617541,1.1853137016296387,0.22506141662597656
earthquake,7816,1,1,True,True,"[[0, 0, 0, 1, 1], [1, 0, 0, 0, 0], [1, 0, 0, 0, 0], [0, 0, 0, 0, 0], [0, 0, 0, 0, 0]]","[[0, 0, 0, 1, 1], [1, 0, 0, 0, 0], [1, 0, 0, 0, 0], [0, 0, 0, 0, 0], [0, 0, 0, 0, 0]]",31.44187996904257,31.44187996904257,0.2597215175628662,0.09049057960510254
earthquake,3578,1,1,True,True,"[[0, 0, 0, 1, 1], [1, 0, 0, 0, 1], [1, 0, 0, 0, 0], [0, 0, 0, 0, 0], [0, 0, 0, 0, 0]]","[[0, 0, 0, 1, 1], [1, 0, 0, 0, 1], [1, 0, 0, 0, 0], [0, 0, 0, 0, 0], [0, 0, 0, 0, 0]]",34.16113467239252,34.16113467239252,1.2249372005462646,0.09630584716796875
earthquake,2656,2,2,True,False,"[[0, 0, 0, 1, 0], [1, 0, 0, 0, 1], [1, 0, 0, 0, 1], [0, 0, 0, 0, 0], [1, 0, 0, 0, 0]]","[[0, 0, 0, 1, 1], [1, 0, 0, 0, 1], [1, 0, 0, 0, 1], [0, 0, 0, 0, 0], [0, 0, 0, 0, 0]]",33.8251218449895,33.8251218449895,0.3089463710784912,0.10689473152160645
earthquake,2688,1,1,True,True,"[[0, 0, 0, 1, 1], [1, 0, 0, 0, 0], [1, 0, 0, 0, 0], [0, 0, 0, 0, 0], [0, 0, 0, 0, 0]]","[[0, 0, 0, 1, 1], [1, 0, 0, 0, 0], [1, 0, 0, 0, 0], [0, 0, 0, 0, 0], [0, 0, 0, 0, 0]]",31.039333764023468,31.039333764023468,0.4348616600036621,0.08799004554748535
earthquake,2494,7,7,True,True,"[[0, 0, 0, 1, 1], [1, 0, 0, 0, 1], [1, 0, 0, 0, 0], [0, 0, 0, 0, 0], [0, 0, 0, 0, 0]]","[[0, 0, 0, 1, 1], [1, 0, 0, 0, 1], [1, 0, 0, 0, 0], [0, 0, 0, 0, 0], [0, 0, 0, 0, 0]]",32.20031147115585,32.20031147115585,1.729097604751587,0.588585615158081
earthquake,183,1,1,True,True,"[[0, 0, 0, 1, 1], [1, 0, 0, 1, 0], [1, 0, 0, 0, 0], [0, 0, 0, 0, 0], [0, 0, 0, 0, 0]]","[[0, 0, 0, 1, 1], [1, 0, 0, 1, 0], [1, 0, 0, 0, 0], [0, 0, 0, 0, 0], [0, 0, 0, 0, 0]]",33.81778728527995,33.81778728527995,0.4275190830230713,0.09470891952514648
earthquake,7977,1,1,True,True,"[[0, 0, 0, 1, 1], [1, 0, 0, 0, 0], [1, 0, 0, 0, 0], [0, 0, 0, 0, 0], [0, 0, 0, 0, 0]]","[[0, 0, 0, 1, 1], [1, 0, 0, 0, 0], [1, 0, 0, 0, 0], [0, 0, 0, 0, 0], [0, 0, 0, 0, 0]]",31.58424766854733,31.58424766854733,0.4132719039916992,0.08926606178283691
earthquake,3199,1,1,True,True,"[[0, 0, 0, 1, 1], [1, 0, 0, 0, 1], [1, 0, 0, 0, 0], [0, 0, 0, 0, 0], [0, 0, 0, 0, 0]]","[[0, 0, 0, 1, 1], [1, 0, 0, 0, 1], [1, 0, 0, 0, 0], [0, 0, 0, 0, 0], [0, 0, 0, 0, 0]]",34.31616069416473,34.31616069416473,0.4451596736907959,0.0813302993774414
earthquake,316,13,13,True,True,"[[0, 0, 0, 1, 1], [1, 0, 0, 0, 1], [1, 0, 0, 0, 0], [0, 0, 0, 0, 0], [0, 0, 0, 0, 0]]","[[0, 0, 0, 1, 1], [1, 0, 0, 0, 1], [1, 0, 0, 0, 0], [0, 0, 0, 0, 0], [0, 0, 0, 0, 0]]",32.327077922656756,32.327077922656756,1.7820158004760742,0.610710859298706
earthquake,8266,7,7,True,True,"[[0, 0, 0, 1, 1], [1, 0, 0, 0, 1], [1, 0, 0, 0, 0], [0, 0, 0, 0, 0], [0, 0, 0, 0, 0]]","[[0, 0, 0, 1, 1], [1, 0, 0, 0, 1], [1, 0, 0, 0, 0], [0, 0, 0, 0, 0], [0, 0, 0, 0, 0]]",32.86884559697914,32.86884559697914,1.0648829936981201,0.5774869918823242
earthquake,1532,1,1,True,True,"[[0, 0, 0, 1, 1], [1, 0, 0, 0, 0], [1, 0, 0, 0, 0], [0, 0, 0, 0, 0], [0, 0, 0, 0, 0]]","[[0, 0, 0, 1, 1], [1, 0, 0, 0, 0], [1, 0, 0, 0, 0], [0, 0, 0, 0, 0], [0, 0, 0, 0, 0]]",31.439927593611788,31.439927593611788,0.32822251319885254,0.08727717399597168
earthquake,1009,1,1,True,True,"[[0, 0, 0, 1, 1], [1, 0, 0, 0, 1], [1, 0, 0, 0, 0], [0, 0, 0, 0, 0], [0, 0, 0, 0, 0]]","[[0, 0, 0, 1, 1], [1, 0, 0, 0, 1], [1, 0, 0, 0, 0], [0, 0, 0, 0, 0], [0, 0, 0, 0, 0]]",33.59586084864229,33.59586084864229,0.39504122734069824,0.07934880256652832
earthquake,2250,1,1,True,True,"[[0, 0, 0, 1, 1], [1, 0, 0, 0, 0], [1, 0, 0, 0, 0], [0, 0, 0, 0, 0], [0, 0, 0, 0, 0]]","[[0, 0, 0, 1, 1], [1, 0, 0, 0, 0], [1, 0, 0, 0, 0], [0, 0, 0, 0, 0], [0, 0, 0, 0, 0]]",31.391331945959724,31.391331945959724,0.405336856842041,0.09027242660522461
earthquake,4447,184,184,True,True,"[[0, 0, 0, 1, 1], [1, 0, 0, 0, 1], [1, 0, 0, 1, 0], [0, 0, 0, 0, 0], [0, 0, 0, 0, 0]]","[[0, 0, 0, 1, 1], [1, 0, 0, 0, 1], [1, 0, 0, 1, 0], [0, 0, 0, 0, 0], [0, 0, 0, 0, 0]]",30.968327846109943,30.968327846109943,3.3030426502227783,1.5079641342163086
earthquake,2415,8,8,True,True,"[[0, 0, 0, 1, 1], [1, 0, 0, 0, 0], [1, 0, 0, 0, 0], [0, 0, 0, 0, 0], [0, 0, 0, 0, 0]]","[[0, 0, 0, 1, 1], [1, 0, 0, 0, 0], [1, 0, 0, 0, 0], [0, 0, 0, 0, 0], [0, 0, 0, 0, 0]]",31.754239629348152,31.754239629348152,1.845428228378296,0.6580867767333984
earthquake,3595,1,1,True,True,"[[0, 0, 0, 1, 1], [1, 0, 0, 0, 0], [1, 0, 0, 0, 0], [0, 0, 0, 0, 0], [0, 0, 0, 0, 0]]","[[0, 0, 0, 1, 1], [1, 0, 0, 0, 0], [1, 0, 0, 0, 0], [0, 0, 0, 0, 0], [0, 0, 0, 0, 0]]",31.221611710907226,31.221611710907226,0.4200270175933838,0.08993172645568848
earthquake,4187,1,1,True,True,"[[0, 0, 0, 1, 1], [1, 0, 0, 0, 1], [1, 0, 0, 0, 0], [0, 0, 0, 0, 0], [0, 0, 0, 0, 0]]","[[0, 0, 0, 1, 1], [1, 0, 0, 0, 1], [1, 0, 0, 0, 0], [0, 0, 0, 0, 0], [0, 0, 0, 0, 0]]",33.91199614613492,33.91199614613492,0.48183703422546387,0.09808039665222168
earthquake,4135,7,7,True,True,"[[0, 0, 0, 1, 1], [1, 0, 0, 0, 0], [1, 0, 0, 0, 1], [0, 0, 0, 0, 0], [0, 0, 0, 0, 0]]","[[0, 0, 0, 1, 1], [1, 0, 0, 0, 0], [1, 0, 0, 0, 1], [0, 0, 0, 0, 0], [0, 0, 0, 0, 0]]",32.37236425182926,32.37236425182926,1.626173734664917,0.5976390838623047
earthquake,5174,13,13,True,True,"[[0, 0, 0, 1, 1], [1, 0, 0, 0, 1], [1, 0, 0, 0, 0], [0, 0, 0, 0, 0], [0, 0, 0, 0, 0]]","[[0, 0, 0, 1, 1], [1, 0, 0, 0, 1], [1, 0, 0, 0, 0], [0, 0, 0, 0, 0], [0, 0, 0, 0, 0]]",32.584249294847005,32.584249294847005,1.7280304431915283,0.6362240314483643
earthquake,5303,7,7,True,True,"[[0, 0, 0, 1, 1], [1, 0, 0, 0, 1], [1, 0, 0, 0, 0], [0, 0, 0, 0, 0], [0, 0, 0, 0, 0]]","[[0, 0, 0, 1, 1], [1, 0, 0, 0, 1], [1, 0, 0, 0, 0], [0, 0, 0, 0, 0], [0, 0, 0, 0, 0]]",32.529739373841444,32.529739373841444,1.8961586952209473,0.5917134284973145
earthquake,3942,1,1,True,True,"[[0, 0, 0, 1, 1], [1, 0, 0, 0, 0], [1, 0, 0, 0, 0], [0, 0, 0, 0, 0], [0, 0, 0, 0, 0]]","[[0, 0, 0, 1, 1], [1, 0, 0, 0, 0], [1, 0, 0, 0, 0], [0, 0, 0, 0, 0], [0, 0, 0, 0, 0]]",32.665700524982476,32.665700524982476,1.0527675151824951,0.5884349346160889
earthquake,2778,7,7,True,True,"[[0, 0, 0, 1, 1], [1, 0, 0, 0, 1], [1, 0, 0, 0, 0], [0, 0, 0, 0, 0], [0, 0, 0, 0, 0]]","[[0, 0, 0, 1, 1], [1, 0, 0, 0, 1], [1, 0, 0, 0, 0], [0, 0, 0, 0, 0], [0, 0, 0, 0, 0]]",32.66899543964159,32.66899543964159,1.864943027496338,0.6283788681030273
earthquake,2804,7,7,True,True,"[[0, 0, 0, 1, 1], [1, 0, 0, 0, 1], [1, 0, 0, 0, 0], [0, 0, 0, 0, 0], [0, 0, 0, 0, 0]]","[[0, 0, 0, 1, 1], [1, 0, 0, 0, 1], [1, 0, 0, 0, 0], [0, 0, 0, 0, 0], [0, 0, 0, 0, 0]]",32.30760715567876,32.30760715567876,1.8867263793945312,0.9490940570831299
earthquake,2145,1,1,True,True,"[[0, 0, 0, 1, 1], [1, 0, 0, 0, 1], [1, 0, 0, 0, 0], [0, 0, 0, 0, 0], [0, 0, 0, 0, 0]]","[[0, 0, 0, 1, 1], [1, 0, 0, 0, 1], [1, 0, 0, 0, 0], [0, 0, 0, 0, 0], [0, 0, 0, 0, 0]]",33.50143477753028,33.50143477753028,0.4413914680480957,0.09614777565002441
earthquake,150,7,7,True,True,"[[0, 0, 0, 1, 1], [1, 0, 0, 0, 1], [1, 0, 0, 0, 0], [0, 0, 0, 0, 0], [0, 0, 0, 0, 0]]","[[0, 0, 0, 1, 1], [1, 0, 0, 0, 1], [1, 0, 0, 0, 0], [0, 0, 0, 0, 0], [0, 0, 0, 0, 0]]",32.336539548128286,32.336539548128286,1.8244783878326416,0.6702888011932373
earthquake,8823,7,7,True,True,"[[0, 0, 0, 1, 1], [1, 0, 0, 0, 1], [1, 0, 0, 0, 0], [0, 0, 0, 0, 0], [0, 0, 0, 0, 0]]","[[0, 0, 0, 1, 1], [1, 0, 0, 0, 1], [1, 0, 0, 0, 0], [0, 0, 0, 0, 0], [0, 0, 0, 0, 0]]",32.76838073984349,32.76838073984349,1.632383108139038,0.6394565105438232
earthquake,4669,1,1,True,True,"[[0, 0, 0, 1, 1], [1, 0, 0, 0, 0], [1, 0, 0, 0, 0], [0, 0, 0, 0, 0], [0, 0, 0, 0, 0]]","[[0, 0, 0, 1, 1], [1, 0, 0, 0, 0], [1, 0, 0, 0, 0], [0, 0, 0, 0, 0], [0, 0, 0, 0, 0]]",31.262799118993417,31.262799118993417,0.39449286460876465,0.08539295196533203
earthquake,6131,1,1,True,True,"[[0, 0, 0, 1, 1], [1, 0, 0, 0, 0], [1, 0, 0, 0, 0], [0, 0, 0, 0, 0], [0, 0, 0, 0, 0]]","[[0, 0, 0, 1, 1], [1, 0, 0, 0, 0], [1, 0, 0, 0, 0], [0, 0, 0, 0, 0], [0, 0, 0, 0, 0]]",30.962647872518232,30.962647872518232,0.21115970611572266,0.07688760757446289
earthquake,2617,1,1,True,True,"[[0, 0, 0, 1, 1], [1, 0, 0, 0, 0], [1, 0, 0, 0, 0], [0, 0, 0, 0, 0], [0, 0, 0, 0, 0]]","[[0, 0, 0, 1, 1], [1, 0, 0, 0, 0], [1, 0, 0, 0, 0], [0, 0, 0, 0, 0], [0, 0, 0, 0, 0]]",31.22519857295297,31.22519857295297,0.4116833209991455,0.0796501636505127
earthquake,7166,2,2,True,False,"[[0, 0, 0, 1, 0], [1, 0, 0, 0, 1], [1, 0, 0, 0, 1], [0, 0, 0, 0, 0], [1, 0, 0, 0, 0]]","[[0, 0, 0, 1, 1], [1, 0, 0, 0, 1], [1, 0, 0, 0, 1], [0, 0, 0, 0, 0], [0, 0, 0, 0, 0]]",34.145325055247405,34.145325055247405,0.4253861904144287,0.11140727996826172
earthquake,1428,1,1,True,True,"[[0, 0, 0, 1, 1], [1, 0, 0, 0, 0], [1, 0, 0, 0, 0], [0, 0, 0, 0, 0], [0, 0, 0, 0, 0]]","[[0, 0, 0, 1, 1], [1, 0, 0, 0, 0], [1, 0, 0, 0, 0], [0, 0, 0, 0, 0], [0, 0, 0, 0, 0]]",31.081754795786864,31.081754795786864,0.3556079864501953,0.0739598274230957
earthquake,8328,7,7,True,True,"[[0, 0, 0, 1, 1], [1, 0, 0, 0, 1], [1, 0, 0, 0, 0], [0, 0, 0, 0, 0], [0, 0, 0, 0, 0]]","[[0, 0, 0, 1, 1], [1, 0, 0, 0, 1], [1, 0, 0, 0, 0], [0, 0, 0, 0, 0], [0, 0, 0, 0, 0]]",32.421435104352994,32.421435104352994,1.551734447479248,0.594057559967041
earthquake,8289,1,1,True,True,"[[0, 0, 0, 1, 1], [1, 0, 0, 0, 0], [1, 0, 0, 0, 0], [0, 0, 0, 0, 0], [0, 0, 0, 0, 0]]","[[0, 0, 0, 1, 1], [1, 0, 0, 0, 0], [1, 0, 0, 0, 0], [0, 0, 0, 0, 0], [0, 0, 0, 0, 0]]",31.537297416674445,31.537297416674445,0.3826713562011719,0.08463811874389648
earthquake,5978,1,1,True,True,"[[0, 0, 0, 1, 1], [1, 0, 0, 0, 0], [1, 0, 0, 0, 0], [0, 0, 0, 0, 0], [0, 0, 0, 0, 0]]","[[0, 0, 0, 1, 1], [1, 0, 0, 0, 0], [1, 0, 0, 0, 0], [0, 0, 0, 0, 0], [0, 0, 0, 0, 0]]",31.09193442948649,31.09193442948649,0.32826781272888184,0.07560324668884277
earthquake,5511,1,1,True,True,"[[0, 0, 0, 1, 1], [1, 0, 0, 0, 0], [1, 0, 0, 0, 0], [0, 0, 0, 0, 0], [0, 0, 0, 0, 0]]","[[0, 0, 0, 1, 1], [1, 0, 0, 0, 0], [1, 0, 0, 0, 0], [0, 0, 0, 0, 0], [0, 0, 0, 0, 0]]",31.994200952872095,31.994200952872095,0.35625696182250977,0.07588958740234375
earthquake,5864,1,1,True,True,"[[0, 0, 0, 1, 1], [1, 0, 0, 0, 0], [1, 0, 0, 0, 0], [0, 0, 0, 0, 0], [0, 0, 0, 0, 0]]","[[0, 0, 0, 1, 1], [1, 0, 0, 0, 0], [1, 0, 0, 0, 0], [0, 0, 0, 0, 0], [0, 0, 0, 0, 0]]",31.26511717838964,31.26511717838964,0.38396286964416504,0.08733892440795898
earthquake,606,1,1,True,True,"[[0, 0, 0, 1, 1], [1, 0, 0, 0, 1], [1, 0, 0, 0, 0], [0, 0, 0, 0, 0], [0, 0, 0, 0, 0]]","[[0, 0, 0, 1, 1], [1, 0, 0, 0, 1], [1, 0, 0, 0, 0], [0, 0, 0, 0, 0], [0, 0, 0, 0, 0]]",33.750842218915736,33.750842218915736,0.49902892112731934,0.09503889083862305
earthquake,1933,7,7,True,True,"[[0, 0, 0, 1, 1], [1, 0, 0, 0, 1], [1, 0, 0, 0, 0], [0, 0, 0, 0, 0], [0, 0, 0, 0, 0]]","[[0, 0, 0, 1, 1], [1, 0, 0, 0, 1], [1, 0, 0, 0, 0], [0, 0, 0, 0, 0], [0, 0, 0, 0, 0]]",32.40447811930416,32.40447811930416,1.5826787948608398,0.5983185768127441
earthquake,6071,7,7,True,True,"[[0, 0, 0, 1, 1], [1, 0, 0, 0, 1], [1, 0, 0, 0, 0], [0, 0, 0, 0, 0], [0, 0, 0, 0, 0]]","[[0, 0, 0, 1, 1], [1, 0, 0, 0, 1], [1, 0, 0, 0, 0], [0, 0, 0, 0, 0], [0, 0, 0, 0, 0]]",32.63408001850684,32.63408001850684,1.445037603378296,0.599705696105957
earthquake,5504,16,16,True,True,"[[0, 0, 0, 1, 1], [1, 0, 0, 0, 0], [1, 0, 0, 0, 0], [0, 0, 0, 0, 0], [0, 0, 0, 0, 0]]","[[0, 0, 0, 1, 1], [1, 0, 0, 0, 0], [1, 0, 0, 0, 0], [0, 0, 0, 0, 0], [0, 0, 0, 0, 0]]",32.26710835567914,32.26710835567914,1.5665931701660156,0.7459385395050049
earthquake,5163,3,3,True,True,"[[0, 0, 0, 1, 1], [1, 0, 0, 0, 0], [1, 0, 0, 0, 0], [0, 0, 0, 0, 0], [0, 0, 0, 0, 0]]","[[0, 0, 0, 1, 1], [1, 0, 0, 0, 0], [1, 0, 0, 0, 0], [0, 0, 0, 0, 0], [0, 0, 0, 0, 0]]",32.00102326256812,32.00102326256812,1.4496493339538574,0.605055570602417
earthquake,2406,1,1,True,True,"[[0, 0, 0, 1, 1], [1, 0, 0, 0, 0], [1, 0, 0, 0, 0], [0, 0, 0, 0, 0], [0, 0, 0, 0, 0]]","[[0, 0, 0, 1, 1], [1, 0, 0, 0, 0], [1, 0, 0, 0, 0], [0, 0, 0, 0, 0], [0, 0, 0, 0, 0]]",30.99348568508972,30.99348568508972,0.36582064628601074,0.08138275146484375
earthquake,304,1,1,True,True,"[[0, 0, 0, 1, 1], [1, 0, 0, 0, 0], [1, 0, 0, 0, 0], [0, 0, 0, 0, 0], [0, 0, 0, 0, 0]]","[[0, 0, 0, 1, 1], [1, 0, 0, 0, 0], [1, 0, 0, 0, 0], [0, 0, 0, 0, 0], [0, 0, 0, 0, 0]]",31.36549152522568,31.36549152522568,0.3794081211090088,0.08177971839904785
earthquake,3391,7,7,True,True,"[[0, 0, 0, 1, 1], [1, 0, 0, 0, 1], [1, 0, 0, 0, 0], [0, 0, 0, 0, 0], [0, 0, 0, 0, 0]]","[[0, 0, 0, 1, 1], [1, 0, 0, 0, 1], [1, 0, 0, 0, 0], [0, 0, 0, 0, 0], [0, 0, 0, 0, 0]]",33.15996135480722,33.15996135480722,1.4231605529785156,0.5864255428314209
earthquake,359,7,7,True,True,"[[0, 0, 0, 1, 1], [1, 0, 0, 0, 1], [1, 0, 0, 0, 0], [0, 0, 0, 0, 0], [0, 0, 0, 0, 0]]","[[0, 0, 0, 1, 1], [1, 0, 0, 0, 1], [1, 0, 0, 0, 0], [0, 0, 0, 0, 0], [0, 0, 0, 0, 0]]",32.927190930623695,32.927190930623695,1.6612937450408936,0.6094777584075928
earthquake,9096,1,1,True,True,"[[0, 0, 0, 1, 1], [1, 0, 0, 0, 0], [1, 0, 0, 0, 0], [0, 0, 0, 0, 0], [0, 0, 0, 0, 0]]","[[0, 0, 0, 1, 1], [1, 0, 0, 0, 0], [1, 0, 0, 0, 0], [0, 0, 0, 0, 0], [0, 0, 0, 0, 0]]",31.283306477187875,31.283306477187875,0.4364922046661377,0.08993053436279297
earthquake,3533,1,1,True,True,"[[0, 0, 0, 1, 1], [1, 0, 0, 0, 0], [1, 0, 0, 0, 0], [0, 0, 0, 0, 0], [0, 0, 0, 0, 0]]","[[0, 0, 0, 1, 1], [1, 0, 0, 0, 0], [1, 0, 0, 0, 0], [0, 0, 0, 0, 0], [0, 0, 0, 0, 0]]",31.68029542830734,31.68029542830734,0.29889750480651855,0.08770561218261719
earthquake,4125,7,7,True,True,"[[0, 0, 0, 1, 1], [1, 0, 0, 0, 1], [1, 0, 0, 0, 0], [0, 0, 0, 0, 0], [0, 0, 0, 0, 0]]","[[0, 0, 0, 1, 1], [1, 0, 0, 0, 1], [1, 0, 0, 0, 0], [0, 0, 0, 0, 0], [0, 0, 0, 0, 0]]",32.7717690432172,32.7717690432172,1.7730188369750977,0.6002097129821777
earthquake,3094,1,1,True,True,"[[0, 0, 0, 1, 1], [1, 0, 0, 0, 0], [1, 0, 0, 0, 0], [0, 0, 0, 0, 0], [0, 0, 0, 0, 0]]","[[0, 0, 0, 1, 1], [1, 0, 0, 0, 0], [1, 0, 0, 0, 0], [0, 0, 0, 0, 0], [0, 0, 0, 0, 0]]",31.415476725407494,31.415476725407494,0.4104743003845215,0.08526086807250977
earthquake,6398,1,1,True,True,"[[0, 0, 0, 1, 1], [1, 0, 0, 0, 0], [1, 0, 0, 0, 0], [0, 0, 0, 0, 0], [0, 0, 0, 0, 0]]","[[0, 0, 0, 1, 1], [1, 0, 0, 0, 0], [1, 0, 0, 0, 0], [0, 0, 0, 0, 0], [0, 0, 0, 0, 0]]",31.89133267720163,31.89133267720163,0.37746548652648926,0.07642936706542969
survey,7816,3,3,True,True,"[[0, 1, 0, 1, 0, 0], [0, 0, 0, 0, 0, 0], [0, 1, 0, 0, 0, 0], [0, 0, 0, 0, 0, 0], [0, 1, 0, 1, 0, 0], [0, 0, 0, 1, 0, 0]]","[[0, 1, 0, 1, 0, 0], [0, 0, 0, 0, 0, 0], [0, 1, 0, 0, 0, 0], [0, 0, 0, 0, 0, 0], [0, 1, 0, 1, 0, 0], [0, 0, 0, 1, 0, 0]]",15.324732799804407,15.324732799804407,8.944535732269287,2.317308187484741
survey,3578,203,203,True,True,"[[0, 0, 0, 0, 0, 0], [0, 0, 0, 1, 0, 0], [0, 1, 0, 0, 0, 0], [0, 0, 0, 0, 0, 0], [0, 1, 0, 0, 0, 0], [0, 0, 0, 1, 0, 0]]","[[0, 0, 0, 0, 0, 0], [0, 0, 0, 1, 0, 0], [0, 1, 0, 0, 0, 0], [0, 0, 0, 0, 0, 0], [0, 1, 0, 0, 0, 0], [0, 0, 0, 1, 0, 0]]",13.217278215233575,13.217278215233575,3.6837565898895264,1.9712879657745361
survey,2656,117,117,True,True,"[[0, 0, 0, 0, 0, 0], [0, 0, 0, 0, 0, 0], [0, 1, 0, 0, 0, 1], [0, 1, 0, 0, 0, 1], [0, 1, 0, 0, 0, 0], [0, 0, 0, 0, 0, 0]]","[[0, 0, 0, 0, 0, 0], [0, 0, 0, 0, 0, 0], [0, 1, 0, 0, 0, 1], [0, 1, 0, 0, 0, 1], [0, 1, 0, 0, 0, 0], [0, 0, 0, 0, 0, 0]]",17.069513019839047,17.069513019839047,7.249988794326782,2.5403285026550293
survey,2688,9,9,True,False,"[[0, 1, 1, 1, 0, 0], [0, 0, 0, 0, 0, 0], [0, 0, 0, 0, 0, 0], [0, 0, 1, 0, 0, 0], [0, 1, 0, 0, 0, 0], [0, 0, 1, 1, 0, 0]]","[[0, 1, 1, 1, 0, 0], [0, 0, 0, 0, 0, 0], [0, 0, 0, 0, 0, 0], [0, 0, 1, 0, 0, 0], [0, 1, 0, 0, 0, 0], [0, 0, 0, 1, 0, 0]]",13.723063402336615,13.723063402336615,7.726034879684448,3.1042544841766357
survey,2494,2283,2283,True,True,"[[0, 0, 0, 0, 0, 0], [0, 0, 0, 0, 0, 0], [0, 1, 0, 0, 0, 0], [0, 1, 0, 0, 0, 0], [0, 0, 0, 0, 0, 0], [0, 0, 0, 1, 0, 0]]","[[0, 0, 0, 0, 0, 0], [0, 0, 0, 0, 0, 0], [0, 1, 0, 0, 0, 0], [0, 1, 0, 0, 0, 0], [0, 0, 0, 0, 0, 0], [0, 0, 0, 1, 0, 0]]",12.409578590511048,12.409578590511048,13.471566200256348,9.277556657791138
survey,183,2,2,True,True,"[[0, 1, 0, 1, 0, 0], [0, 0, 0, 0, 0, 0], [0, 1, 0, 0, 0, 0], [0, 0, 0, 0, 0, 0], [0, 0, 0, 0, 0, 0], [0, 0, 0, 1, 0, 0]]","[[0, 1, 0, 1, 0, 0], [0, 0, 0, 0, 0, 0], [0, 1, 0, 0, 0, 0], [0, 0, 0, 0, 0, 0], [0, 0, 0, 0, 0, 0], [0, 0, 0, 1, 0, 0]]",11.530424533780465,11.530424533780465,2.827639102935791,1.0879881381988525
survey,7977,26,26,True,True,"[[0, 0, 0, 0, 0, 0], [0, 0, 0, 0, 0, 0], [0, 1, 0, 0, 0, 0], [0, 1, 0, 0, 0, 0], [0, 0, 0, 0, 0, 0], [0, 0, 0, 1, 0, 0]]","[[0, 0, 0, 0, 0, 0], [0, 0, 0, 0, 0, 0], [0, 1, 0, 0, 0, 0], [0, 1, 0, 0, 0, 0], [0, 0, 0, 0, 0, 0], [0, 0, 0, 1, 0, 0]]",12.198833973820133,12.198833973820133,5.013484477996826,1.316749095916748
survey,3199,1,1,True,True,"[[0, 0, 0, 0, 0, 0], [0, 0, 0, 0, 0, 0], [0, 1, 0, 1, 0, 0], [0, 0, 0, 0, 0, 0], [0, 1, 0, 0, 0, 0], [0, 0, 0, 1, 0, 0]]","[[0, 0, 0, 0, 0, 0], [0, 0, 0, 0, 0, 0], [0, 1, 0, 1, 0, 0], [0, 0, 0, 0, 0, 0], [0, 1, 0, 0, 0, 0], [0, 0, 0, 1, 0, 0]]",15.247654251879183,15.247654251879183,5.638155221939087,2.102973699569702
survey,316,9923,9923,True,False,"[[0, 0, 0, 0, 0, 0], [0, 0, 0, 0, 0, 0], [0, 1, 0, 0, 0, 0], [0, 1, 0, 0, 0, 0], [0, 1, 0, 0, 0, 0], [0, 0, 0, 1, 0, 0]]","[[0, 0, 0, 0, 0, 0], [0, 0, 0, 0, 0, 0], [0, 1, 0, 0, 0, 0], [0, 1, 0, 0, 0, 1], [0, 1, 0, 0, 0, 0], [0, 0, 0, 0, 0, 0]]",15.38259407954393,15.38259407954393,43.660486459732056,48.01124548912048
survey,8266,16,16,True,True,"[[0, 0, 0, 0, 0, 0], [0, 0, 1, 1, 0, 0], [0, 0, 0, 0, 0, 0], [0, 0, 0, 0, 0, 0], [0, 0, 0, 0, 0, 0], [0, 0, 1, 1, 0, 0]]","[[0, 0, 0, 0, 0, 0], [0, 0, 1, 1, 0, 0], [0, 0, 0, 0, 0, 0], [0, 0, 0, 0, 0, 0], [0, 0, 0, 0, 0, 0], [0, 0, 1, 1, 0, 0]]",13.49064706823881,13.49064706823881,4.105391502380371,1.5642857551574707
survey,1532,8,8,True,True,"[[0, 0, 0, 0, 0, 0], [0, 0, 0, 0, 0, 0], [0, 1, 0, 1, 0, 0], [0, 0, 0, 0, 0, 0], [0, 1, 0, 0, 0, 0], [0, 0, 0, 1, 0, 0]]","[[0, 0, 0, 0, 0, 0], [0, 0, 0, 0, 0, 0], [0, 1, 0, 1, 0, 0], [0, 0, 0, 0, 0, 0], [0, 1, 0, 0, 0, 0], [0, 0, 0, 1, 0, 0]]",15.078697462971393,15.078697462971393,5.380972862243652,2.5852651596069336
survey,1009,2,2,True,True,"[[0, 1, 0, 0, 0, 0], [0, 0, 0, 0, 0, 0], [0, 1, 0, 0, 0, 0], [0, 0, 0, 0, 0, 0], [0, 1, 0, 0, 0, 0], [0, 0, 0, 1, 0, 0]]","[[0, 1, 0, 0, 0, 0], [0, 0, 0, 0, 0, 0], [0, 1, 0, 0, 0, 0], [0, 0, 0, 0, 0, 0], [0, 1, 0, 0, 0, 0], [0, 0, 0, 1, 0, 0]]",16.390408010719394,16.390408010719394,1.2203960418701172,0.764667272567749
survey,2250,34,34,True,False,"[[0, 0, 0, 0, 0, 0], [0, 0, 1, 0, 1, 0], [0, 0, 0, 0, 0, 0], [0, 0, 0, 0, 0, 1], [0, 0, 0, 0, 0, 0], [0, 0, 1, 0, 0, 0]]","[[0, 0, 0, 0, 0, 0], [0, 0, 1, 0, 0, 0], [0, 0, 0, 0, 0, 0], [0, 0, 0, 0, 0, 0], [0, 1, 0, 0, 0, 0], [0, 0, 1, 1, 0, 0]]",14.779825031743464,14.779825031743464,3.4714877605438232,1.46016526222229
survey,4447,14,14,True,True,"[[0, 0, 0, 0, 0, 0], [0, 0, 1, 1, 0, 0], [0, 0, 0, 0, 0, 0], [0, 0, 0, 0, 0, 0], [0, 0, 0, 0, 0, 0], [0, 0, 1, 1, 0, 0]]","[[0, 0, 0, 0, 0, 0], [0, 0, 1, 1, 0, 0], [0, 0, 0, 0, 0, 0], [0, 0, 0, 0, 0, 0], [0, 0, 0, 0, 0, 0], [0, 0, 1, 1, 0, 0]]",14.610021311670387,14.610021311670387,3.832399368286133,1.8424394130706787
survey,2415,32,32,True,True,"[[0, 0, 0, 0, 0, 0], [0, 0, 0, 0, 0, 0], [0, 1, 0, 0, 0, 0], [0, 1, 0, 0, 0, 1], [0, 1, 0, 0, 0, 0], [0, 0, 0, 0, 0, 0]]","[[0, 0, 0, 0, 0, 0], [0, 0, 0, 0, 0, 0], [0, 1, 0, 0, 0, 0], [0, 1, 0, 0, 0, 1], [0, 1, 0, 0, 0, 0], [0, 0, 0, 0, 0, 0]]",16.394100771189738,16.394100771189738,5.154138803482056,2.052333116531372
survey,3595,8,8,True,False,"[[0, 0, 0, 0, 0, 0], [0, 0, 0, 0, 0, 0], [0, 1, 0, 0, 0, 0], [0, 1, 0, 0, 0, 0], [0, 0, 0, 0, 0, 0], [0, 0, 0, 1, 0, 0]]","[[0, 0, 0, 0, 0, 0], [0, 0, 0, 0, 0, 0], [0, 1, 0, 0, 0, 0], [0, 1, 0, 0, 0, 1], [0, 0, 0, 0, 0, 0], [0, 0, 0, 0, 0, 0]]",13.644357356099906,13.644357356099906,1.5070557594299316,0.6690232753753662
survey,4187,64,64,True,True,"[[0, 0, 0, 0, 0, 0], [0, 0, 0, 0, 0, 0], [0, 1, 0, 0, 0, 0], [0, 0, 0, 0, 0, 0], [0, 1, 0, 0, 0, 0], [0, 1, 0, 1, 0, 0]]","[[0, 0, 0, 0, 0, 0], [0, 0, 0, 0, 0, 0], [0, 1, 0, 0, 0, 0], [0, 0, 0, 0, 0, 0], [0, 1, 0, 0, 0, 0], [0, 1, 0, 1, 0, 0]]",14.468406879140941,14.468406879140941,2.3404781818389893,1.1126668453216553
survey,4135,431,431,True,False,"[[0, 0, 0, 0, 0, 0], [0, 0, 0, 0, 0, 0], [0, 1, 0, 0, 0, 0], [0, 1, 0, 0, 0, 0], [0, 1, 0, 0, 0, 0], [0, 0, 0, 1, 0, 0]]","[[0, 0, 0, 0, 0, 0], [0, 0, 0, 0, 0, 0], [0, 1, 0, 0, 0, 0], [0, 1, 0, 0, 0, 1], [0, 1, 0, 0, 0, 0], [0, 0, 0, 0, 0, 0]]",16.091896143764448,16.091896143764448,8.675312995910645,3.528193712234497
survey,5174,3,3,True,True,"[[0, 1, 0, 1, 0, 0], [0, 0, 0, 0, 0, 0], [0, 1, 0, 0, 0, 0], [0, 0, 0, 0, 0, 0], [0, 1, 0, 0, 0, 0], [0, 0, 0, 1, 0, 0]]","[[0, 1, 0, 1, 0, 0], [0, 0, 0, 0, 0, 0], [0, 1, 0, 0, 0, 0], [0, 0, 0, 0, 0, 0], [0, 1, 0, 0, 0, 0], [0, 0, 0, 1, 0, 0]]",15.289093014250412,15.289093014250412,4.724005222320557,1.8399550914764404
survey,5303,8,8,True,True,"[[0, 0, 1, 0, 0, 1], [0, 0, 1, 0, 0, 0], [0, 0, 0, 0, 0, 0], [0, 0, 0, 0, 0, 1], [0, 0, 0, 0, 0, 0], [0, 0, 0, 0, 0, 0]]","[[0, 0, 1, 0, 0, 1], [0, 0, 1, 0, 0, 0], [0, 0, 0, 0, 0, 0], [0, 0, 0, 0, 0, 1], [0, 0, 0, 0, 0, 0], [0, 0, 0, 0, 0, 0]]",10.836648415923673,10.836648415923673,6.329665660858154,1.425018548965454
survey,3942,358,358,True,False,"[[0, 0, 0, 0, 0, 0], [0, 0, 1, 0, 0, 0], [0, 0, 0, 0, 0, 0], [0, 1, 0, 0, 0, 1], [0, 0, 0, 0, 0, 0], [0, 0, 1, 0, 0, 0]]","[[0, 0, 0, 0, 0, 0], [0, 0, 1, 1, 0, 0], [0, 0, 0, 0, 0, 0], [0, 0, 0, 0, 0, 1], [0, 0, 0, 0, 0, 0], [0, 0, 1, 0, 0, 0]]",15.642677695088853,15.642677695088853,10.83235788345337,4.230910301208496
survey,2778,2,2,True,True,"[[0, 0, 0, 0, 0, 0], [0, 0, 0, 0, 0, 0], [0, 1, 0, 0, 0, 0], [0, 0, 0, 0, 0, 0], [0, 1, 0, 1, 0, 0], [0, 0, 0, 1, 0, 0]]","[[0, 0, 0, 0, 0, 0], [0, 0, 0, 0, 0, 0], [0, 1, 0, 0, 0, 0], [0, 0, 0, 0, 0, 0], [0, 1, 0, 1, 0, 0], [0, 0, 0, 1, 0, 0]]",11.787937414643897,11.787937414643897,3.1600587368011475,1.086313009262085
survey,2804,11,11,True,False,"[[0, 0, 0, 0, 0, 0], [0, 0, 1, 1, 0, 0], [0, 0, 0, 0, 0, 0], [0, 0, 0, 0, 0, 0], [0, 0, 0, 0, 0, 0], [0, 0, 0, 1, 0, 0]]","[[0, 0, 0, 0, 0, 0], [0, 0, 0, 1, 0, 0], [0, 1, 0, 0, 0, 0], [0, 0, 0, 0, 0, 0], [0, 0, 0, 0, 0, 0], [0, 0, 0, 1, 0, 0]]",13.334119304432672,13.334119304432672,3.1675150394439697,0.9141390323638916
survey,2145,47,47,True,True,"[[0, 0, 0, 0, 0, 0], [0, 0, 1, 1, 0, 0], [0, 0, 0, 0, 0, 0], [0, 0, 0, 0, 0, 0], [0, 0, 0, 0, 0, 0], [0, 0, 1, 1, 0, 0]]","[[0, 0, 0, 0, 0, 0], [0, 0, 1, 1, 0, 0], [0, 0, 0, 0, 0, 0], [0, 0, 0, 0, 0, 0], [0, 0, 0, 0, 0, 0], [0, 0, 1, 1, 0, 0]]",14.586234080903772,14.586234080903772,3.6366939544677734,1.3654403686523438
survey,150,18,18,True,True,"[[0, 0, 0, 0, 0, 0], [0, 0, 0, 0, 0, 0], [0, 1, 0, 0, 0, 0], [0, 0, 0, 0, 0, 0], [0, 1, 0, 0, 0, 0], [0, 0, 0, 1, 0, 0]]","[[0, 0, 0, 0, 0, 0], [0, 0, 0, 0, 0, 0], [0, 1, 0, 0, 0, 0], [0, 0, 0, 0, 0, 0], [0, 1, 0, 0, 0, 0], [0, 0, 0, 1, 0, 0]]",18.50191544533818,18.50191544533818,6.527343034744263,2.189641237258911
survey,8823,5,5,True,True,"[[0, 0, 0, 0, 0, 0], [0, 0, 0, 0, 0, 0], [0, 1, 0, 0, 0, 1], [0, 1, 0, 0, 0, 1], [0, 1, 0, 0, 0, 0], [0, 0, 0, 0, 0, 0]]","[[0, 0, 0, 0, 0, 0], [0, 0, 0, 0, 0, 0], [0, 1, 0, 0, 0, 1], [0, 1, 0, 0, 0, 1], [0, 1, 0, 0, 0, 0], [0, 0, 0, 0, 0, 0]]",18.01794894086719,18.01794894086719,5.847480297088623,1.9870481491088867
survey,4669,137,137,True,True,"[[0, 0, 0, 0, 0, 0], [0, 0, 1, 1, 0, 0], [0, 0, 0, 0, 0, 0], [0, 0, 0, 0, 0, 0], [0, 0, 0, 0, 0, 0], [0, 0, 0, 1, 0, 0]]","[[0, 0, 0, 0, 0, 0], [0, 0, 1, 1, 0, 0], [0, 0, 0, 0, 0, 0], [0, 0, 0, 0, 0, 0], [0, 0, 0, 0, 0, 0], [0, 0, 0, 1, 0, 0]]",14.916985319451147,14.916985319451147,8.741459846496582,3.12339448928833
survey,6131,240,240,True,False,"[[0, 0, 0, 0, 0, 0], [0, 0, 0, 1, 0, 0], [0, 1, 0, 0, 0, 0], [0, 0, 0, 0, 0, 0], [0, 0, 0, 1, 0, 0], [0, 0, 0, 1, 0, 0]]","[[0, 0, 0, 0, 0, 0], [0, 0, 1, 1, 0, 0], [0, 0, 0, 0, 0, 0], [0, 0, 0, 0, 0, 0], [0, 0, 0, 1, 0, 0], [0, 0, 0, 1, 0, 0]]",15.83822204579331,15.83822204579331,4.940695285797119,2.884566068649292
survey,2617,1167,1167,True,True,"[[0, 0, 0, 0, 0, 0], [0, 0, 1, 1, 0, 0], [0, 0, 0, 0, 0, 0], [0, 0, 0, 0, 0, 0], [0, 0, 0, 1, 0, 0], [0, 0, 1, 1, 0, 0]]","[[0, 0, 0, 0, 0, 0], [0, 0, 1, 1, 0, 0], [0, 0, 0, 0, 0, 0], [0, 0, 0, 0, 0, 0], [0, 0, 0, 1, 0, 0], [0, 0, 1, 1, 0, 0]]",16.697421418235187,16.697421418235187,17.076764345169067,9.470896244049072
survey,7166,34,34,True,True,"[[0, 0, 0, 0, 0, 0], [0, 0, 0, 0, 0, 0], [0, 1, 0, 0, 0, 0], [0, 1, 0, 0, 0, 0], [0, 0, 0, 0, 0, 0], [0, 0, 0, 1, 0, 0]]","[[0, 0, 0, 0, 0, 0], [0, 0, 0, 0, 0, 0], [0, 1, 0, 0, 0, 0], [0, 1, 0, 0, 0, 0], [0, 0, 0, 0, 0, 0], [0, 0, 0, 1, 0, 0]]",13.030540303234304,13.030540303234304,2.2460062503814697,1.027353286743164
survey,1428,1,1,True,True,"[[0, 1, 0, 1, 0, 0], [0, 0, 0, 0, 0, 0], [0, 1, 0, 0, 0, 0], [0, 0, 0, 0, 0, 0], [0, 1, 0, 0, 0, 0], [0, 0, 0, 1, 0, 0]]","[[0, 1, 0, 1, 0, 0], [0, 0, 0, 0, 0, 0], [0, 1, 0, 0, 0, 0], [0, 0, 0, 0, 0, 0], [0, 1, 0, 0, 0, 0], [0, 0, 0, 1, 0, 0]]",15.52124735937985,15.52124735937985,7.605670213699341,2.2486817836761475
survey,8328,136,136,True,True,"[[0, 1, 0, 0, 0, 1], [0, 0, 0, 0, 0, 0], [0, 1, 0, 0, 0, 0], [0, 1, 0, 0, 0, 1], [0, 1, 0, 0, 0, 0], [0, 0, 0, 0, 0, 0]]","[[0, 1, 0, 0, 0, 1], [0, 0, 0, 0, 0, 0], [0, 1, 0, 0, 0, 0], [0, 1, 0, 0, 0, 1], [0, 1, 0, 0, 0, 0], [0, 0, 0, 0, 0, 0]]",23.190645254859653,23.190645254859653,18.592928886413574,7.136772871017456
survey,8289,446,446,True,False,"[[0, 0, 0, 0, 0, 0], [0, 0, 0, 0, 0, 0], [0, 1, 0, 0, 0, 0], [0, 1, 0, 0, 0, 0], [0, 1, 0, 0, 0, 0], [0, 0, 0, 1, 0, 0]]","[[0, 0, 0, 0, 0, 0], [0, 0, 0, 0, 0, 0], [0, 1, 0, 0, 0, 0], [0, 1, 0, 0, 0, 1], [0, 1, 0, 0, 0, 0], [0, 0, 0, 0, 0, 0]]",17.11428680652013,17.11428680652013,7.707882881164551,3.8754546642303467
survey,5978,40,40,True,True,"[[0, 0, 0, 0, 0, 0], [0, 0, 0, 1, 0, 0], [0, 1, 0, 0, 0, 0], [0, 0, 0, 0, 0, 0], [0, 1, 0, 0, 0, 0], [0, 0, 0, 1, 0, 0]]","[[0, 0, 0, 0, 0, 0], [0, 0, 0, 1, 0, 0], [0, 1, 0, 0, 0, 0], [0, 0, 0, 0, 0, 0], [0, 1, 0, 0, 0, 0], [0, 0, 0, 1, 0, 0]]",17.038009466725192,17.038009466725192,7.622931480407715,2.7287824153900146
survey,5511,28,28,True,False,"[[0, 0, 0, 0, 0, 0], [0, 0, 1, 0, 1, 0], [0, 0, 0, 0, 0, 0], [0, 0, 0, 0, 0, 1], [0, 0, 0, 0, 0, 0], [0, 0, 1, 0, 0, 0]]","[[0, 0, 0, 0, 0, 0], [0, 0, 1, 0, 0, 0], [0, 0, 0, 0, 0, 0], [0, 0, 0, 0, 0, 0], [0, 1, 0, 0, 0, 0], [0, 0, 1, 1, 0, 0]]",13.53900724226141,13.53900724226141,5.813140869140625,2.0019805431365967
survey,5864,17,17,True,True,"[[0, 0, 0, 0, 0, 0], [0, 0, 1, 1, 0, 0], [0, 0, 0, 0, 0, 0], [0, 0, 0, 0, 0, 0], [0, 0, 0, 0, 0, 0], [0, 0, 1, 1, 0, 0]]","[[0, 0, 0, 0, 0, 0], [0, 0, 1, 1, 0, 0], [0, 0, 0, 0, 0, 0], [0, 0, 0, 0, 0, 0], [0, 0, 0, 0, 0, 0], [0, 0, 1, 1, 0, 0]]",13.654134168148737,13.654134168148737,3.949794054031372,1.667201280593872
survey,606,5,5,True,True,"[[0, 0, 0, 0, 0, 0], [0, 0, 0, 1, 0, 0], [0, 1, 0, 0, 0, 0], [0, 0, 0, 0, 0, 0], [0, 1, 0, 0, 0, 0], [0, 0, 0, 1, 0, 0]]","[[0, 0, 0, 0, 0, 0], [0, 0, 0, 1, 0, 0], [0, 1, 0, 0, 0, 0], [0, 0, 0, 0, 0, 0], [0, 1, 0, 0, 0, 0], [0, 0, 0, 1, 0, 0]]",18.11297331250307,18.11297331250307,7.302613019943237,3.244100570678711
survey,1933,7,7,True,True,"[[0, 0, 0, 0, 0, 0], [0, 0, 0, 0, 0, 0], [0, 1, 0, 0, 0, 1], [0, 1, 0, 0, 0, 1], [0, 0, 0, 0, 0, 0], [0, 0, 0, 0, 0, 0]]","[[0, 0, 0, 0, 0, 0], [0, 0, 0, 0, 0, 0], [0, 1, 0, 0, 0, 1], [0, 1, 0, 0, 0, 1], [0, 0, 0, 0, 0, 0], [0, 0, 0, 0, 0, 0]]",19.00185008470422,19.00185008470422,3.732318162918091,1.9352805614471436
survey,6071,82,82,True,True,"[[0, 0, 0, 0, 0, 0], [0, 0, 0, 0, 0, 0], [0, 1, 0, 0, 0, 0], [0, 1, 0, 0, 0, 1], [0, 1, 0, 0, 0, 0], [0, 0, 0, 0, 0, 0]]","[[0, 0, 0, 0, 0, 0], [0, 0, 0, 0, 0, 0], [0, 1, 0, 0, 0, 0], [0, 1, 0, 0, 0, 1], [0, 1, 0, 0, 0, 0], [0, 0, 0, 0, 0, 0]]",17.69367121210902,17.69367121210902,7.656132936477661,2.5445499420166016
survey,5504,8,8,True,True,"[[0, 0, 0, 0, 0, 0], [0, 0, 0, 0, 0, 0], [0, 1, 0, 0, 0, 0], [0, 1, 0, 0, 0, 0], [0, 0, 0, 0, 0, 0], [0, 0, 0, 1, 0, 0]]","[[0, 0, 0, 0, 0, 0], [0, 0, 0, 0, 0, 0], [0, 1, 0, 0, 0, 0], [0, 1, 0, 0, 0, 0], [0, 0, 0, 0, 0, 0], [0, 0, 0, 1, 0, 0]]",13.415337805263675,13.415337805263675,2.3794617652893066,0.9161844253540039
survey,5163,1200,1200,True,True,"[[0, 0, 0, 0, 0, 0], [0, 0, 0, 0, 0, 0], [0, 1, 0, 0, 0, 1], [0, 1, 0, 0, 0, 1], [0, 1, 0, 0, 0, 0], [0, 0, 0, 0, 0, 0]]","[[0, 0, 0, 0, 0, 0], [0, 0, 0, 0, 0, 0], [0, 1, 0, 0, 0, 1], [0, 1, 0, 0, 0, 1], [0, 1, 0, 0, 0, 0], [0, 0, 0, 0, 0, 0]]",16.44161300600801,16.44161300600801,12.059725761413574,8.702020645141602
survey,2406,843,843,True,True,"[[0, 0, 0, 0, 0, 0], [0, 0, 1, 0, 1, 0], [0, 0, 0, 0, 0, 0], [0, 0, 0, 0, 0, 0], [0, 0, 0, 0, 0, 0], [0, 0, 1, 1, 0, 0]]","[[0, 0, 0, 0, 0, 0], [0, 0, 1, 0, 1, 0], [0, 0, 0, 0, 0, 0], [0, 0, 0, 0, 0, 0], [0, 0, 0, 0, 0, 0], [0, 0, 1, 1, 0, 0]]",14.74052379516841,14.74052379516841,11.196285724639893,5.4846837520599365
survey,304,2,2,True,True,"[[0, 0, 0, 0, 0, 0], [0, 0, 0, 0, 0, 0], [0, 1, 0, 0, 0, 0], [0, 0, 0, 0, 0, 0], [0, 1, 0, 1, 0, 0], [0, 0, 0, 1, 0, 0]]","[[0, 0, 0, 0, 0, 0], [0, 0, 0, 0, 0, 0], [0, 1, 0, 0, 0, 0], [0, 0, 0, 0, 0, 0], [0, 1, 0, 1, 0, 0], [0, 0, 0, 1, 0, 0]]",9.90141563018645,9.90141563018645,2.7890727519989014,1.2927391529083252
survey,3391,2,2,True,True,"[[0, 0, 1, 0, 0, 1], [0, 0, 1, 0, 0, 0], [0, 0, 0, 0, 0, 0], [0, 0, 0, 0, 0, 1], [0, 0, 0, 0, 0, 0], [0, 0, 0, 0, 0, 0]]","[[0, 0, 1, 0, 0, 1], [0, 0, 1, 0, 0, 0], [0, 0, 0, 0, 0, 0], [0, 0, 0, 0, 0, 1], [0, 0, 0, 0, 0, 0], [0, 0, 0, 0, 0, 0]]",11.424816021006198,11.424816021006198,4.001457929611206,1.1364104747772217
survey,359,4,4,True,True,"[[0, 0, 0, 0, 0, 0], [0, 0, 0, 0, 0, 0], [0, 1, 0, 0, 0, 1], [0, 1, 0, 0, 0, 1], [0, 1, 0, 0, 0, 0], [0, 0, 0, 0, 0, 0]]","[[0, 0, 0, 0, 0, 0], [0, 0, 0, 0, 0, 0], [0, 1, 0, 0, 0, 1], [0, 1, 0, 0, 0, 1], [0, 1, 0, 0, 0, 0], [0, 0, 0, 0, 0, 0]]",18.21849321279483,18.21849321279483,7.196918964385986,3.008298873901367
survey,9096,433,433,True,True,"[[0, 0, 0, 0, 0, 0], [0, 0, 0, 0, 0, 0], [0, 1, 0, 0, 0, 1], [0, 1, 0, 0, 0, 1], [0, 1, 0, 0, 0, 0], [0, 0, 0, 0, 0, 0]]","[[0, 0, 0, 0, 0, 0], [0, 0, 0, 0, 0, 0], [0, 1, 0, 0, 0, 1], [0, 1, 0, 0, 0, 1], [0, 1, 0, 0, 0, 0], [0, 0, 0, 0, 0, 0]]",17.81701033766892,17.81701033766892,12.685688018798828,4.980261564254761
survey,3533,473,473,True,True,"[[0, 0, 0, 0, 0, 0], [0, 0, 0, 0, 0, 0], [0, 1, 0, 0, 0, 0], [0, 1, 0, 0, 0, 0], [0, 1, 0, 0, 0, 0], [0, 0, 0, 1, 0, 0]]","[[0, 0, 0, 0, 0, 0], [0, 0, 0, 0, 0, 0], [0, 1, 0, 0, 0, 0], [0, 1, 0, 0, 0, 0], [0, 1, 0, 0, 0, 0], [0, 0, 0, 1, 0, 0]]",16.16900366021486,16.16900366021486,8.045311689376831,4.517138957977295
survey,4125,526,526,True,False,"[[0, 0, 0, 0, 0, 0], [0, 0, 1, 1, 1, 0], [0, 0, 0, 0, 0, 0], [0, 0, 0, 0, 0, 0], [0, 0, 0, 0, 0, 0], [0, 0, 1, 1, 0, 0]]","[[0, 0, 0, 0, 0, 0], [0, 0, 1, 1, 0, 0], [0, 0, 0, 0, 0, 0], [0, 0, 0, 0, 0, 0], [0, 1, 0, 0, 0, 0], [0, 0, 1, 1, 0, 0]]",17.346754256251,17.346754256251,9.876590251922607,5.862778186798096
survey,3094,71233,71233,True,True,"[[0, 0, 0, 0, 0, 0], [0, 0, 0, 0, 0, 0], [0, 1, 0, 0, 0, 1], [0, 1, 0, 0, 0, 1], [0, 1, 0, 0, 0, 0], [0, 0, 0, 0, 0, 0]]","[[0, 0, 0, 0, 0, 0], [0, 0, 0, 0, 0, 0], [0, 1, 0, 0, 0, 1], [0, 1, 0, 0, 0, 1], [0, 1, 0, 0, 0, 0], [0, 0, 0, 0, 0, 0]]",15.848744198329735,15.848744198329735,183.64926862716675,302.4338798522949
survey,6398,39,39,True,True,"[[0, 0, 0, 0, 0, 0], [0, 0, 0, 0, 0, 0], [0, 1, 0, 0, 0, 0], [0, 1, 0, 0, 0, 0], [0, 0, 0, 0, 0, 0], [0, 0, 0, 1, 0, 0]]","[[0, 0, 0, 0, 0, 0], [0, 0, 0, 0, 0, 0], [0, 1, 0, 0, 0, 0], [0, 1, 0, 0, 0, 0], [0, 0, 0, 0, 0, 0], [0, 0, 0, 1, 0, 0]]",13.153977110408617,13.153977110408617,4.538995027542114,1.419463872909546
